Transaction ID,Transaction sale,Customer name,category of item
0,72384,['n' 'w' 'o'],504.9967607538478
1,184441,['v' 's' 'u'],888.3689394575965
2,199764,['c' 'l' 'h'],812.3383723713633
3,224254,['p' 'v' 't'],1172.1811101538772
4,461156,['q' 'c' 'l'],217.3375285362342
5,412340,['j' 'g' 'h'],703.8172075659531
6,319773,['e' 'k' 'q'],904.4167314829259
