Transaction ID,Transaction sale,Customer name,category of item
0,349129,['y' 'q' 'x'],416.68081108703115
1,66409,['m' 'c' 'x'],1330.1868853858552
2,310101,['e' 'i' 'l'],887.3668672196425
3,388831,['h' 'p' 'z'],929.2759107363537
4,387431,['c' 'v' 'e'],1234.6974632979195
5,20504,['p' 'n' 'e'],59.790888108026955
6,175921,['u' 'e' 't'],409.8972169434659
7,183930,['p' 'q' 's'],406.6234186626036
8,160592,['e' 'b' 'o'],1010.4700952730522
9,207295,['j' 'v' 'm'],801.3470249410034
