Transaction ID,Transaction sale,Customer name,category of item
0,470073,['x' 'm' 'o'],143.4744315584299
1,204333,['a' 'd' 'l'],953.0203864403912
2,328637,['v' 'k' 'd'],607.4333784769815
3,150056,['c' 'n' 'u'],75.12024528208218
4,397928,['y' 't' 'c'],427.9324497592019
5,346152,['r' 'z' 'a'],432.43367392641295
6,96564,['u' 'w' 'n'],1135.4737296849103
7,467976,['v' 'w' 'e'],876.841218297513
