Transaction ID,Transaction sale,Customer name,category of item
0,162866,['n' 'k' 'h'],962.4840596774378
1,132811,['d' 'k' 's'],469.31437575409285
2,437179,['o' 'i' 'c'],767.7238162470028
3,214960,['x' 'i' 'l'],421.7584318506325
4,47559,['p' 'w' 'w'],1476.785169925689
5,370426,['g' 'i' 't'],88.86664137766968
