Transaction ID,Transaction sale,Customer name,category of item
0,245811,['c' 'a' 'f'],465.23168305249186
1,186741,['g' 'z' 'i'],249.3860215993471
2,429213,['x' 'y' 's'],1169.4914021819377
3,84997,['v' 't' 'y'],485.0433341710436
4,282788,['u' 'y' 'n'],804.5563147789414
5,69481,['b' 'h' 'm'],649.4332171460485
